"id","playlist_id","video_id","videoPublishedAt","position","publishedAt"
"UExCY0FhNDQyTUxBcXpxa0lRNG9HVlpQZnVfZnBmYUt5cS41NkI0NEY2RDEwNTU3Q0M2","PLBcAa442MLAqzqkIQ4oGVZPfu_fpfaKyq","FEmnnU-HhnQ","2024-06-22T12:00:17Z","0","2025-10-28T04:04:23Z"
"UExCY0FhNDQyTUxBcGhTNkF4b1VMM0dtZmNHOEpSeGYyMC4wOTA3OTZBNzVEMTUzOTMy","PLBcAa442MLAphS6AxoUL3GmfcG8JRxf20","abPmZCZZrFA","2024-06-08T13:00:01Z","0","2024-06-07T06:34:28Z"
"UExCY0FhNDQyTUxBcGhTNkF4b1VMM0dtZmNHOEpSeGYyMC4wMTcyMDhGQUE4NTIzM0Y5","PLBcAa442MLAphS6AxoUL3GmfcG8JRxf20","CQXQKr_3vKE","2024-05-29T12:58:00Z","1","2024-05-29T08:47:18Z"
"UExCY0FhNDQyTUxBcGhTNkF4b1VMM0dtZmNHOEpSeGYyMC41NkI0NEY2RDEwNTU3Q0M2","PLBcAa442MLAphS6AxoUL3GmfcG8JRxf20","gH-zvjVICMM","2024-05-25T12:00:42Z","2","2024-05-25T15:41:35Z"
"UExCY0FhNDQyTUxBcGhTNkF4b1VMM0dtZmNHOEpSeGYyMC4yODlGNEE0NkRGMEEzMEQy","PLBcAa442MLAphS6AxoUL3GmfcG8JRxf20","PKX7Wf-no3I","2024-05-22T12:03:11Z","3","2024-05-25T15:41:35Z"
"UExCY0FhNDQyTUxBcGhTNkF4b1VMM0dtZmNHOEpSeGYyMC41MjE1MkI0OTQ2QzJGNzNG","PLBcAa442MLAphS6AxoUL3GmfcG8JRxf20","cyKJyol7vLg","2024-05-31T13:15:03Z","4","2024-05-31T12:32:37Z"
"UExCY0FhNDQyTUxBcHdxZjRaZVFDdXJZRmFEVUVhdDNrSS5DQUNERDQ2NkIzRUQxNTY1","PLBcAa442MLApwqf4ZeQCurYFaDUEat3kI","IpDNg7Xj2R4","2024-03-23T12:00:12Z","0","2024-03-23T11:34:49Z"
"UExCY0FhNDQyTUxBcHdxZjRaZVFDdXJZRmFEVUVhdDNrSS41MjE1MkI0OTQ2QzJGNzNG","PLBcAa442MLApwqf4ZeQCurYFaDUEat3kI","zoEtcR5EW08","2024-03-07T17:00:50Z","1","2024-03-07T12:33:51Z"
"UExCY0FhNDQyTUxBcHdxZjRaZVFDdXJZRmFEVUVhdDNrSS4yODlGNEE0NkRGMEEzMEQy","PLBcAa442MLApwqf4ZeQCurYFaDUEat3kI","9K-82fomFhA","2024-03-01T12:00:08Z","2","2024-03-01T10:20:17Z"
"UExCY0FhNDQyTUxBcHdxZjRaZVFDdXJZRmFEVUVhdDNrSS4wMTcyMDhGQUE4NTIzM0Y5","PLBcAa442MLApwqf4ZeQCurYFaDUEat3kI","6jGbAKQ7KoM","2024-03-04T12:30:02Z","3","2024-03-04T11:34:03Z"
"UExCY0FhNDQyTUxBcHdxZjRaZVFDdXJZRmFEVUVhdDNrSS4wOTA3OTZBNzVEMTUzOTMy","PLBcAa442MLApwqf4ZeQCurYFaDUEat3kI","zzHuPgs1nTk","2024-03-08T05:20:43Z","4","2024-03-08T04:52:21Z"
"UExCY0FhNDQyTUxBcHdxZjRaZVFDdXJZRmFEVUVhdDNrSS4xMkVGQjNCMUM1N0RFNEUx","PLBcAa442MLApwqf4ZeQCurYFaDUEat3kI","Z0wXYITKY2E","2024-03-15T12:00:35Z","5","2024-03-15T09:56:26Z"
"UExCY0FhNDQyTUxBckxMUk8zWGpPOUNucWRUVTk5VjVhNi41NkI0NEY2RDEwNTU3Q0M2","PLBcAa442MLArLLRO3XjO9CnqdTU99V5a6","Hrv_p8CJYro","2023-09-20T13:00:13Z","0","2023-09-20T07:21:04Z"
"UExCY0FhNDQyTUxBckxMUk8zWGpPOUNucWRUVTk5VjVhNi4yODlGNEE0NkRGMEEzMEQy","PLBcAa442MLArLLRO3XjO9CnqdTU99V5a6","FN7ALfpGxiI","2017-02-13T17:00:02Z","1","2023-09-20T11:55:03Z"
"UExCY0FhNDQyTUxBckxMUk8zWGpPOUNucWRUVTk5VjVhNi4wMTcyMDhGQUE4NTIzM0Y5","PLBcAa442MLArLLRO3XjO9CnqdTU99V5a6","dhviMuktFdA","2017-02-06T17:00:04Z","2","2023-09-20T11:55:33Z"
"UExCY0FhNDQyTUxBcmdFN3hzSDJpZ0p3STJIY3NieWszaC4wMTcyMDhGQUE4NTIzM0Y5","PLBcAa442MLArgE7xsH2igJwI2Hcsbyk3h","niPkap1ozUA","2023-05-04T17:00:29Z","0","2023-05-04T11:18:07Z"
"UExCY0FhNDQyTUxBcmdFN3hzSDJpZ0p3STJIY3NieWszaC4yODlGNEE0NkRGMEEzMEQy","PLBcAa442MLArgE7xsH2igJwI2Hcsbyk3h","hldJxJC4O50","2023-04-29T05:00:23Z","1","2023-04-29T04:59:02Z"
"UExCY0FhNDQyTUxBcmdFN3hzSDJpZ0p3STJIY3NieWszaC41NkI0NEY2RDEwNTU3Q0M2","PLBcAa442MLArgE7xsH2igJwI2Hcsbyk3h","Zq8Cy8tQr8A","2023-04-27T13:31:30Z","2","2023-04-29T04:59:02Z"
"UExCY0FhNDQyTUxBclVadUtZMjlud3NYajM5bXQzRkw1Vy4zMDg5MkQ5MEVDMEM1NTg2","PLBcAa442MLArUZuKY29nwsXj39mt3FL5W","fiYXLJ2ojVU","2022-10-27T04:00:14Z","0","2022-10-27T04:29:08Z"
"UExCY0FhNDQyTUxBclVadUtZMjlud3NYajM5bXQzRkw1Vy41Mzk2QTAxMTkzNDk4MDhF","PLBcAa442MLArUZuKY29nwsXj39mt3FL5W","CHsPvS0vcq0","2022-10-27T10:00:09Z","1","2022-10-27T04:29:15Z"
"UExCY0FhNDQyTUxBclVadUtZMjlud3NYajM5bXQzRkw1Vy45ODRDNTg0QjA4NkFBNkQy","PLBcAa442MLArUZuKY29nwsXj39mt3FL5W","k7xRj_wf65c","2022-10-25T04:00:27Z","2","2022-10-25T03:54:23Z"
"UExCY0FhNDQyTUxBclVadUtZMjlud3NYajM5bXQzRkw1Vy5EMEEwRUY5M0RDRTU3NDJC","PLBcAa442MLArUZuKY29nwsXj39mt3FL5W","6J4BWSeRa5E","2022-10-25T10:00:05Z","3","2022-10-25T03:54:01Z"
"UExCY0FhNDQyTUxBclVadUtZMjlud3NYajM5bXQzRkw1Vy40NzZCMERDMjVEN0RFRThB","PLBcAa442MLArUZuKY29nwsXj39mt3FL5W","k6sbOQt9U1E","2022-10-24T04:00:30Z","4","2022-10-24T03:50:48Z"
"UExCY0FhNDQyTUxBclVadUtZMjlud3NYajM5bXQzRkw1Vy5GNjNDRDREMDQxOThCMDQ2","PLBcAa442MLArUZuKY29nwsXj39mt3FL5W","Qm8JOZIq63E","2022-10-24T09:00:12Z","5","2022-10-24T03:50:25Z"
"UExCY0FhNDQyTUxBclVadUtZMjlud3NYajM5bXQzRkw1Vy45NDk1REZENzhEMzU5MDQz","PLBcAa442MLArUZuKY29nwsXj39mt3FL5W","Eja5pB6C6tU","2022-10-24T13:00:08Z","6","2022-10-24T03:50:18Z"
"UExCY0FhNDQyTUxBclVadUtZMjlud3NYajM5bXQzRkw1Vy5DQUNERDQ2NkIzRUQxNTY1","PLBcAa442MLArUZuKY29nwsXj39mt3FL5W","J-UdjOUmG5o","2022-10-23T08:00:28Z","7","2022-10-23T09:29:40Z"
"UExCY0FhNDQyTUxBclVadUtZMjlud3NYajM5bXQzRkw1Vy4xMkVGQjNCMUM1N0RFNEUx","PLBcAa442MLArUZuKY29nwsXj39mt3FL5W","oHpHV3DhtwQ","2022-10-23T14:00:20Z","8","2022-10-23T09:29:19Z"
"UExCY0FhNDQyTUxBclVadUtZMjlud3NYajM5bXQzRkw1Vy41MzJCQjBCNDIyRkJDN0VD","PLBcAa442MLArUZuKY29nwsXj39mt3FL5W","14FihYDlQJU","2022-10-23T11:00:00Z","9","2022-10-23T09:29:30Z"
"UExCY0FhNDQyTUxBclVadUtZMjlud3NYajM5bXQzRkw1Vy4wOTA3OTZBNzVEMTUzOTMy","PLBcAa442MLArUZuKY29nwsXj39mt3FL5W","ol6trghy_QA","2022-10-11T05:29:14Z","10","2022-10-11T05:31:58Z"
"UExCY0FhNDQyTUxBclVadUtZMjlud3NYajM5bXQzRkw1Vy41NkI0NEY2RDEwNTU3Q0M2","PLBcAa442MLArUZuKY29nwsXj39mt3FL5W","HJiRzTmn5X4","2022-10-06T15:10:41Z","11","2022-10-06T08:13:12Z"
"UExCY0FhNDQyTUxBclVadUtZMjlud3NYajM5bXQzRkw1Vy41MjE1MkI0OTQ2QzJGNzNG","PLBcAa442MLArUZuKY29nwsXj39mt3FL5W","q-1FuU37zvA","2022-10-06T15:11:04Z","12","2022-10-06T08:14:45Z"
"UExCY0FhNDQyTUxBclVadUtZMjlud3NYajM5bXQzRkw1Vy4yODlGNEE0NkRGMEEzMEQy","PLBcAa442MLArUZuKY29nwsXj39mt3FL5W","Zuk5zGv5Un4","2022-10-06T15:10:51Z","13","2022-10-06T08:13:39Z"
"UExCY0FhNDQyTUxBclVadUtZMjlud3NYajM5bXQzRkw1Vy4wMTcyMDhGQUE4NTIzM0Y5","PLBcAa442MLArUZuKY29nwsXj39mt3FL5W","v8SclnWsFLY","2022-10-06T15:10:57Z","14","2022-10-06T08:14:07Z"
"UExCY0FhNDQyTUxBcFQzSmRzNm96c1d6N0VCd3prbVNzTi41MjE1MkI0OTQ2QzJGNzNG","PLBcAa442MLApT3Jds6ozsWz7EBwzkmSsN","JHSRTU31T14","2022-07-04T16:59:46Z","0","2022-07-04T17:05:02Z"
"UExCY0FhNDQyTUxBcFQzSmRzNm96c1d6N0VCd3prbVNzTi4wMTcyMDhGQUE4NTIzM0Y5","PLBcAa442MLApT3Jds6ozsWz7EBwzkmSsN","te9JalT1k5s","","1","2022-04-27T13:01:23Z"
"UExCY0FhNDQyTUxBcFQzSmRzNm96c1d6N0VCd3prbVNzTi4yODlGNEE0NkRGMEEzMEQy","PLBcAa442MLApT3Jds6ozsWz7EBwzkmSsN","CGB8V3VTBbs","2022-04-25T14:45:51Z","2","2022-04-25T14:43:12Z"
"UExCY0FhNDQyTUxBcFQzSmRzNm96c1d6N0VCd3prbVNzTi41NkI0NEY2RDEwNTU3Q0M2","PLBcAa442MLApT3Jds6ozsWz7EBwzkmSsN","iQWzusXhD7Q","2022-04-23T13:00:25Z","3","2022-04-23T15:41:37Z"
"UExCY0FhNDQyTUxBbzNKTC1YRmtmNUhXNWRtVlRmMzI2WC41MzJCQjBCNDIyRkJDN0VD","PLBcAa442MLAo3JL-XFkf5HW5dmVTf326X","xOmLxNyXc6o","2023-09-08T13:01:00Z","0","2023-09-08T12:03:41Z"
"UExCY0FhNDQyTUxBbzNKTC1YRmtmNUhXNWRtVlRmMzI2WC4xMkVGQjNCMUM1N0RFNEUx","PLBcAa442MLAo3JL-XFkf5HW5dmVTf326X","tbgFUbwmwXI","2021-06-10T12:59:02Z","1","2021-06-10T12:59:01Z"
"UExCY0FhNDQyTUxBbzNKTC1YRmtmNUhXNWRtVlRmMzI2WC4wMTcyMDhGQUE4NTIzM0Y5","PLBcAa442MLAo3JL-XFkf5HW5dmVTf326X","xypzmu5mMPY","2021-04-29T14:57:12Z","2","2021-04-27T14:05:15Z"
"UExCY0FhNDQyTUxBbzNKTC1YRmtmNUhXNWRtVlRmMzI2WC4wOTA3OTZBNzVEMTUzOTMy","PLBcAa442MLAo3JL-XFkf5HW5dmVTf326X","W1EywtvRYe8","2021-05-17T13:00:26Z","3","2021-05-11T14:11:59Z"
"UExCY0FhNDQyTUxBbzNKTC1YRmtmNUhXNWRtVlRmMzI2WC41MjE1MkI0OTQ2QzJGNzNG","PLBcAa442MLAo3JL-XFkf5HW5dmVTf326X","LggaymnzDjc","2021-05-10T12:59:04Z","4","2021-05-10T12:59:03Z"
"UExCY0FhNDQyTUxBbzNKTC1YRmtmNUhXNWRtVlRmMzI2WC4yODlGNEE0NkRGMEEzMEQy","PLBcAa442MLAo3JL-XFkf5HW5dmVTf326X","c-z3YWQVdO8","2021-04-15T14:00:10Z","5","2021-04-15T13:50:57Z"
"UExCY0FhNDQyTUxBbzNKTC1YRmtmNUhXNWRtVlRmMzI2WC41NkI0NEY2RDEwNTU3Q0M2","PLBcAa442MLAo3JL-XFkf5HW5dmVTf326X","aTxtm2ZdRBE","2021-04-13T13:00:00Z","6","2021-04-13T13:04:20Z"
"UExCY0FhNDQyTUxBcnRVQTBwR0FmaHZiRVY3dUJBeHFaQS41NkI0NEY2RDEwNTU3Q0M2","PLBcAa442MLArtUA0pGAfhvbEV7uBAxqZA","kKL3x0W2GiQ","2021-01-28T13:20:00Z","0","2021-01-28T13:27:22Z"
"UExCY0FhNDQyTUxBcnRVQTBwR0FmaHZiRVY3dUJBeHFaQS4yODlGNEE0NkRGMEEzMEQy","PLBcAa442MLArtUA0pGAfhvbEV7uBAxqZA","J8r2dPWXvkw","2021-01-26T13:18:13Z","1","2021-01-28T13:27:22Z"
"UExCY0FhNDQyTUxBbzFGbXJDTWVDRDFmX0VRUTU0NmFNWi5DRUQwODMxQzUyRTlGRkY3","PLBcAa442MLAo1FmrCMeCD1f_EQQ546aMZ","w7FQi95eVHQ","2022-04-14T00:59:30Z","0","2022-04-13T09:07:08Z"
"UExCY0FhNDQyTUxBbzFGbXJDTWVDRDFmX0VRUTU0NmFNWi5DNkMwRUI2MkI4QkI4NDFG","PLBcAa442MLAo1FmrCMeCD1f_EQQ546aMZ","9U5Pda2YzVA","2022-03-31T00:59:00Z","1","2022-04-04T10:36:49Z"
"UExCY0FhNDQyTUxBbzFGbXJDTWVDRDFmX0VRUTU0NmFNWi45NkVENTkxRDdCQUFBMDY4","PLBcAa442MLAo1FmrCMeCD1f_EQQ546aMZ","lzuGPS4hqjA","2022-03-24T00:59:45Z","2","2022-03-23T11:19:51Z"
"UExCY0FhNDQyTUxBbzFGbXJDTWVDRDFmX0VRUTU0NmFNWi4zQzFBN0RGNzNFREFCMjBE","PLBcAa442MLAo1FmrCMeCD1f_EQQ546aMZ","tQV_P9G21pw","2022-03-17T00:59:00Z","3","2022-03-16T10:28:10Z"
"UExCY0FhNDQyTUxBbzFGbXJDTWVDRDFmX0VRUTU0NmFNWi5GNDg1Njc1QzZERjlFRjE5","PLBcAa442MLAo1FmrCMeCD1f_EQQ546aMZ","jpmKP7ziafQ","2022-02-24T00:59:00Z","4","2022-02-23T04:38:35Z"
"UExCY0FhNDQyTUxBbzFGbXJDTWVDRDFmX0VRUTU0NmFNWi4xOTEzQzhBQzU3MDNDNjcz","PLBcAa442MLAo1FmrCMeCD1f_EQQ546aMZ","wX5EiDvSIBQ","2022-02-17T00:59:00Z","5","2022-02-16T10:43:37Z"
"UExCY0FhNDQyTUxBbzFGbXJDTWVDRDFmX0VRUTU0NmFNWi5BRjJDODk5REM0NjkzMUIy","PLBcAa442MLAo1FmrCMeCD1f_EQQ546aMZ","p7zadRDM1SI","2022-02-10T00:59:00Z","6","2022-02-09T12:46:56Z"
"UExCY0FhNDQyTUxBbzFGbXJDTWVDRDFmX0VRUTU0NmFNWi40QTA3NTU2RkM1QzlCMzYx","PLBcAa442MLAo1FmrCMeCD1f_EQQ546aMZ","HfPmgGRTmhw","2022-02-03T00:59:01Z","7","2022-02-02T02:46:30Z"
"UExCY0FhNDQyTUxBbzFGbXJDTWVDRDFmX0VRUTU0NmFNWi45RjNFMDhGQ0Q2RkFCQTc1","PLBcAa442MLAo1FmrCMeCD1f_EQQ546aMZ","phknRB6-f4U","2022-01-27T00:59:00Z","8","2022-02-02T02:46:30Z"
"UExCY0FhNDQyTUxBbzFGbXJDTWVDRDFmX0VRUTU0NmFNWi42MTI4Njc2QjM1RjU1MjlG","PLBcAa442MLAo1FmrCMeCD1f_EQQ546aMZ","E3I0WHbeFKo","2022-01-20T00:59:01Z","9","2022-01-19T11:19:19Z"
"UExCY0FhNDQyTUxBbzFGbXJDTWVDRDFmX0VRUTU0NmFNWi5CMEQ2Mjk5NTc3NDZFRUNB","PLBcAa442MLAo1FmrCMeCD1f_EQQ546aMZ","TfdkMXdCkRc","2022-01-13T00:59:01Z","10","2022-01-13T09:43:10Z"
"UExCY0FhNDQyTUxBbzFGbXJDTWVDRDFmX0VRUTU0NmFNWi4zRDBDOEZDOUM0MDY5NEEz","PLBcAa442MLAo1FmrCMeCD1f_EQQ546aMZ","rGaL6bi7xRk","2022-01-06T00:59:00Z","11","2022-01-13T09:43:10Z"
"UExCY0FhNDQyTUxBbzFGbXJDTWVDRDFmX0VRUTU0NmFNWi41QUZGQTY5OTE4QTREQUU4","PLBcAa442MLAo1FmrCMeCD1f_EQQ546aMZ","MaI7JCybK3s","2021-12-30T00:59:00Z","12","2022-01-13T09:43:10Z"
"UExCY0FhNDQyTUxBbzFGbXJDTWVDRDFmX0VRUTU0NmFNWi43NDhFRTgwOTRERTU4Rjg3","PLBcAa442MLAo1FmrCMeCD1f_EQQ546aMZ","h74KAR_q8is","2021-12-23T00:59:00Z","13","2022-01-13T09:43:10Z"
"UExCY0FhNDQyTUxBbzFGbXJDTWVDRDFmX0VRUTU0NmFNWi44Mjc5REFBRUE2MTdFRDU0","PLBcAa442MLAo1FmrCMeCD1f_EQQ546aMZ","kgeiiJNewZc","2021-12-16T00:59:00Z","14","2021-12-14T08:40:25Z"
"UExCY0FhNDQyTUxBbzFGbXJDTWVDRDFmX0VRUTU0NmFNWi5DMkU4NTY1QUFGQTYwMDE3","PLBcAa442MLAo1FmrCMeCD1f_EQQ546aMZ","gw6GCssTBbk","2021-12-09T00:59:00Z","15","2021-12-08T12:14:04Z"
"UExCY0FhNDQyTUxBbzFGbXJDTWVDRDFmX0VRUTU0NmFNWi4yQUE2Q0JEMTk4NTM3RTZC","PLBcAa442MLAo1FmrCMeCD1f_EQQ546aMZ","UGDorPO4M_8","2021-12-02T00:59:01Z","16","2021-12-06T08:46:57Z"
"UExCY0FhNDQyTUxBbzFGbXJDTWVDRDFmX0VRUTU0NmFNWi5DQ0MyQ0Y4Mzg0M0VGOEYw","PLBcAa442MLAo1FmrCMeCD1f_EQQ546aMZ","sVgnzsd2fuc","2021-11-25T00:59:00Z","17","2021-11-24T11:43:56Z"
"UExCY0FhNDQyTUxBbzFGbXJDTWVDRDFmX0VRUTU0NmFNWi43MTI1NDIwOTMwQjIxMzNG","PLBcAa442MLAo1FmrCMeCD1f_EQQ546aMZ","nPmoiQOJbaU","2021-11-18T00:59:00Z","18","2021-11-17T06:37:05Z"
"UExCY0FhNDQyTUxBbzFGbXJDTWVDRDFmX0VRUTU0NmFNWi5DNzE1RjZEMUZCMjA0RDBB","PLBcAa442MLAo1FmrCMeCD1f_EQQ546aMZ","NiJ05AYRIBc","2021-11-04T00:59:01Z","19","2021-11-03T09:39:46Z"
"UExCY0FhNDQyTUxBbzFGbXJDTWVDRDFmX0VRUTU0NmFNWi45NzUwQkI1M0UxNThBMkU0","PLBcAa442MLAo1FmrCMeCD1f_EQQ546aMZ","mkZfbRrac2U","2021-10-28T00:59:00Z","20","2021-10-27T07:55:38Z"
"UExCY0FhNDQyTUxBbzFGbXJDTWVDRDFmX0VRUTU0NmFNWi4zRjM0MkVCRTg0MkYyQTM0","PLBcAa442MLAo1FmrCMeCD1f_EQQ546aMZ","Al0FKhJJP0c","2021-10-21T00:59:01Z","21","2021-10-20T13:23:08Z"
"UExCY0FhNDQyTUxBbzFGbXJDTWVDRDFmX0VRUTU0NmFNWi5GM0Q3M0MzMzY5NTJFNTdE","PLBcAa442MLAo1FmrCMeCD1f_EQQ546aMZ","RUQ-qGeK7jo","2021-10-14T00:59:00Z","22","2021-10-13T17:08:47Z"
"UExCY0FhNDQyTUxBbzFGbXJDTWVDRDFmX0VRUTU0NmFNWi4yMDhBMkNBNjRDMjQxQTg1","PLBcAa442MLAo1FmrCMeCD1f_EQQ546aMZ","5757WwI1y0c","2021-09-23T00:59:00Z","23","2021-09-22T15:14:56Z"
"UExCY0FhNDQyTUxBbzFGbXJDTWVDRDFmX0VRUTU0NmFNWi5ENDU4Q0M4RDExNzM1Mjcy","PLBcAa442MLAo1FmrCMeCD1f_EQQ546aMZ","eg-O8bIRdhQ","2021-09-16T00:59:01Z","24","2021-09-15T09:51:59Z"
"UExCY0FhNDQyTUxBbzFGbXJDTWVDRDFmX0VRUTU0NmFNWi45RTgxNDRBMzUwRjQ0MDhC","PLBcAa442MLAo1FmrCMeCD1f_EQQ546aMZ","my7mG8TREYQ","2021-09-09T00:59:01Z","25","2021-09-08T15:20:39Z"
"UExCY0FhNDQyTUxBbzFGbXJDTWVDRDFmX0VRUTU0NmFNWi4yMUQyQTQzMjRDNzMyQTMy","PLBcAa442MLAo1FmrCMeCD1f_EQQ546aMZ","Uh1Lnsd8Wck","2021-09-02T00:59:00Z","26","2021-09-01T18:13:47Z"
"UExCY0FhNDQyTUxBbzFGbXJDTWVDRDFmX0VRUTU0NmFNWi41QTY1Q0UxMTVCODczNThE","PLBcAa442MLAo1FmrCMeCD1f_EQQ546aMZ","dlPuVqUhKxI","2021-08-26T00:59:01Z","27","2021-08-25T13:27:29Z"
"UExCY0FhNDQyTUxBbzFGbXJDTWVDRDFmX0VRUTU0NmFNWi5EQUE1NTFDRjcwMDg0NEMz","PLBcAa442MLAo1FmrCMeCD1f_EQQ546aMZ","jfV8-eZoM44","2021-08-19T00:59:00Z","28","2021-08-18T15:27:50Z"
"UExCY0FhNDQyTUxBbzFGbXJDTWVDRDFmX0VRUTU0NmFNWi41Mzk2QTAxMTkzNDk4MDhF","PLBcAa442MLAo1FmrCMeCD1f_EQQ546aMZ","qs99oAW0Kng","2021-08-12T00:59:01Z","29","2021-08-11T16:29:07Z"
"UExCY0FhNDQyTUxBbzFGbXJDTWVDRDFmX0VRUTU0NmFNWi4zMDg5MkQ5MEVDMEM1NTg2","PLBcAa442MLAo1FmrCMeCD1f_EQQ546aMZ","sKeV7_BWmoQ","2021-08-05T00:59:00Z","30","2021-08-04T15:55:31Z"
"UExCY0FhNDQyTUxBbzFGbXJDTWVDRDFmX0VRUTU0NmFNWi45ODRDNTg0QjA4NkFBNkQy","PLBcAa442MLAo1FmrCMeCD1f_EQQ546aMZ","rhpwxojo3-M","2021-07-29T00:59:00Z","31","2021-07-28T14:00:39Z"
"UExCY0FhNDQyTUxBbzFGbXJDTWVDRDFmX0VRUTU0NmFNWi5EMEEwRUY5M0RDRTU3NDJC","PLBcAa442MLAo1FmrCMeCD1f_EQQ546aMZ","oEaO0FiXG2g","2021-07-22T00:59:01Z","32","2021-07-21T11:30:10Z"
"UExCY0FhNDQyTUxBbzFGbXJDTWVDRDFmX0VRUTU0NmFNWi40NzZCMERDMjVEN0RFRThB","PLBcAa442MLAo1FmrCMeCD1f_EQQ546aMZ","WkP0lm4e8HM","2021-07-09T00:59:01Z","33","2021-07-05T12:18:11Z"
"UExCY0FhNDQyTUxBbzFGbXJDTWVDRDFmX0VRUTU0NmFNWi5GNjNDRDREMDQxOThCMDQ2","PLBcAa442MLAo1FmrCMeCD1f_EQQ546aMZ","uhzu_mNRzwo","2021-07-01T00:59:04Z","34","2021-07-01T00:55:52Z"
"UExCY0FhNDQyTUxBbzFGbXJDTWVDRDFmX0VRUTU0NmFNWi45NDk1REZENzhEMzU5MDQz","PLBcAa442MLAo1FmrCMeCD1f_EQQ546aMZ","lS56LLNjONo","2021-06-24T00:59:04Z","35","2021-06-23T13:06:40Z"
"UExCY0FhNDQyTUxBbzFGbXJDTWVDRDFmX0VRUTU0NmFNWi5DQUNERDQ2NkIzRUQxNTY1","PLBcAa442MLAo1FmrCMeCD1f_EQQ546aMZ","q9ner8wzBe4","2021-06-17T00:57:25Z","36","2021-06-17T00:46:39Z"
"UExCY0FhNDQyTUxBbzFGbXJDTWVDRDFmX0VRUTU0NmFNWi41MzJCQjBCNDIyRkJDN0VD","PLBcAa442MLAo1FmrCMeCD1f_EQQ546aMZ","AyIrUEQBlQ4","2021-06-10T00:59:03Z","37","2021-06-10T00:52:34Z"
"UExCY0FhNDQyTUxBbzFGbXJDTWVDRDFmX0VRUTU0NmFNWi4xMkVGQjNCMUM1N0RFNEUx","PLBcAa442MLAo1FmrCMeCD1f_EQQ546aMZ","vAfQw0NzdCo","2021-06-03T00:59:02Z","38","2021-06-03T00:59:36Z"
"UExCY0FhNDQyTUxBbzFGbXJDTWVDRDFmX0VRUTU0NmFNWi4wOTA3OTZBNzVEMTUzOTMy","PLBcAa442MLAo1FmrCMeCD1f_EQQ546aMZ","2MWV2US3dkU","2021-05-27T00:59:06Z","39","2021-05-27T00:59:05Z"
"UExCY0FhNDQyTUxBbzFGbXJDTWVDRDFmX0VRUTU0NmFNWi41MjE1MkI0OTQ2QzJGNzNG","PLBcAa442MLAo1FmrCMeCD1f_EQQ546aMZ","Ihsjrr5XvQ0","2021-05-20T00:59:07Z","40","2021-05-19T10:30:05Z"
"UExCY0FhNDQyTUxBbzFGbXJDTWVDRDFmX0VRUTU0NmFNWi4wMTcyMDhGQUE4NTIzM0Y5","PLBcAa442MLAo1FmrCMeCD1f_EQQ546aMZ","XoYcw0q1QO4","2021-05-14T00:59:03Z","41","2021-05-12T11:25:53Z"
"UExCY0FhNDQyTUxBbzFGbXJDTWVDRDFmX0VRUTU0NmFNWi4yODlGNEE0NkRGMEEzMEQy","PLBcAa442MLAo1FmrCMeCD1f_EQQ546aMZ","wjdw3a2Y6fM","2021-05-12T00:59:02Z","42","2021-05-11T14:01:07Z"
"UExCY0FhNDQyTUxBbzFGbXJDTWVDRDFmX0VRUTU0NmFNWi41NkI0NEY2RDEwNTU3Q0M2","PLBcAa442MLAo1FmrCMeCD1f_EQQ546aMZ","3rTisRlUQuk","2021-01-03T16:58:03Z","43","2021-01-03T17:09:13Z"
"UExCY0FhNDQyTUxBb1VURDJudllweHNUWmRsRnNCYkJHQS4yODlGNEE0NkRGMEEzMEQy","PLBcAa442MLAoUTD2nvYpxsTZdlFsBbBGA","psZ1g9fMfeo","2020-12-20T13:20:10Z","0","2020-12-18T12:59:25Z"
"UExCY0FhNDQyTUxBb1VURDJudllweHNUWmRsRnNCYkJHQS41MjE1MkI0OTQ2QzJGNzNG","PLBcAa442MLAoUTD2nvYpxsTZdlFsBbBGA","PzA5pYZyOqM","2020-12-30T13:18:04Z","1","2020-12-30T12:25:51Z"
"UExCY0FhNDQyTUxBb1VURDJudllweHNUWmRsRnNCYkJHQS4wOTA3OTZBNzVEMTUzOTMy","PLBcAa442MLAoUTD2nvYpxsTZdlFsBbBGA","JB39GfVEzFA","2021-01-15T11:59:02Z","2","2021-01-15T09:19:51Z"
"UExCY0FhNDQyTUxBb1VURDJudllweHNUWmRsRnNCYkJHQS41NkI0NEY2RDEwNTU3Q0M2","PLBcAa442MLAoUTD2nvYpxsTZdlFsBbBGA","ryC6nsOk5l8","2020-12-17T12:58:10Z","3","2020-12-18T05:00:36Z"
"UExCY0FhNDQyTUxBb1VURDJudllweHNUWmRsRnNCYkJHQS4xMkVGQjNCMUM1N0RFNEUx","PLBcAa442MLAoUTD2nvYpxsTZdlFsBbBGA","9uG4DXv8zh4","","4","2021-02-10T12:01:43Z"
"UExCY0FhNDQyTUxBcFZVak5HUDZ6azV1NlBGQlVULTVEdy4xMkVGQjNCMUM1N0RFNEUx","PLBcAa442MLApVUjNGP6zk5u6PFBUT-5Dw","EhJqekMVxTc","2023-09-29T13:00:21Z","0","2023-09-29T08:01:05Z"
"UExCY0FhNDQyTUxBcFZVak5HUDZ6azV1NlBGQlVULTVEdy41NkI0NEY2RDEwNTU3Q0M2","PLBcAa442MLApVUjNGP6zk5u6PFBUT-5Dw","6t-MjBazs3o","2020-07-05T13:00:12Z","1","2020-07-06T09:16:34Z"
"UExCY0FhNDQyTUxBcFZVak5HUDZ6azV1NlBGQlVULTVEdy4wOTA3OTZBNzVEMTUzOTMy","PLBcAa442MLApVUjNGP6zk5u6PFBUT-5Dw","X3hC29-52rw","2020-08-02T12:58:10Z","2","2020-08-02T12:41:54Z"
"UExCY0FhNDQyTUxBcFZVak5HUDZ6azV1NlBGQlVULTVEdy41MjE1MkI0OTQ2QzJGNzNG","PLBcAa442MLApVUjNGP6zk5u6PFBUT-5Dw","5WxCVEnG5N4","2020-07-20T12:58:03Z","3","2020-07-20T10:57:12Z"
"UExCY0FhNDQyTUxBcFZVak5HUDZ6azV1NlBGQlVULTVEdy4wMTcyMDhGQUE4NTIzM0Y5","PLBcAa442MLApVUjNGP6zk5u6PFBUT-5Dw","3AAHMU4-o4A","2020-07-13T12:27:25Z","4","2020-07-13T09:32:10Z"
"UExCY0FhNDQyTUxBcFZVak5HUDZ6azV1NlBGQlVULTVEdy4yODlGNEE0NkRGMEEzMEQy","PLBcAa442MLApVUjNGP6zk5u6PFBUT-5Dw","t9YDbqLfg7E","2020-06-29T12:58:16Z","5","2020-07-06T09:16:34Z"
"UExCY0FhNDQyTUxBcVFhQ1FRWlZRRHJBTUtBOC1lLThzMy41NkI0NEY2RDEwNTU3Q0M2","PLBcAa442MLAqQaCQQZVQDrAMKA8-e-8s3","6t-MjBazs3o","2020-07-05T13:00:12Z","0","2020-07-06T09:00:15Z"
"UExCY0FhNDQyTUxBcVFhQ1FRWlZRRHJBTUtBOC1lLThzMy4yODlGNEE0NkRGMEEzMEQy","PLBcAa442MLAqQaCQQZVQDrAMKA8-e-8s3","FN7ALfpGxiI","2017-02-13T17:00:02Z","1","2020-07-06T09:00:30Z"
"UExCY0FhNDQyTUxBcVFhQ1FRWlZRRHJBTUtBOC1lLThzMy4wMTcyMDhGQUE4NTIzM0Y5","PLBcAa442MLAqQaCQQZVQDrAMKA8-e-8s3","Llw9Q6akRo4","2016-12-31T17:00:01Z","2","2020-07-06T09:00:43Z"
"UExCY0FhNDQyTUxBcVFhQ1FRWlZRRHJBTUtBOC1lLThzMy41MjE1MkI0OTQ2QzJGNzNG","PLBcAa442MLAqQaCQQZVQDrAMKA8-e-8s3","knW7-x7Y7RE","2019-07-01T12:58:19Z","3","2020-07-06T09:00:56Z"
"UExCY0FhNDQyTUxBcVFhQ1FRWlZRRHJBTUtBOC1lLThzMy4wOTA3OTZBNzVEMTUzOTMy","PLBcAa442MLAqQaCQQZVQDrAMKA8-e-8s3","qGRU3sRbaYw","2016-08-02T17:10:53Z","4","2020-07-06T09:01:53Z"
"UExCY0FhNDQyTUxBcVFhQ1FRWlZRRHJBTUtBOC1lLThzMy4xMkVGQjNCMUM1N0RFNEUx","PLBcAa442MLAqQaCQQZVQDrAMKA8-e-8s3","32sYGCOYJUM","2018-05-11T17:00:47Z","5","2020-07-06T09:02:07Z"
"UExCY0FhNDQyTUxBcmZTMzVuZ2Z4d1FVWFliM2l4ZjBWRy41MjE1MkI0OTQ2QzJGNzNG","PLBcAa442MLArfS35ngfxwQUXYb3ixf0VG","hZqGbP817TQ","2020-08-29T11:59:07Z","0","2020-08-29T11:54:21Z"
"UExCY0FhNDQyTUxBcmZTMzVuZ2Z4d1FVWFliM2l4ZjBWRy4wMTcyMDhGQUE4NTIzM0Y5","PLBcAa442MLArfS35ngfxwQUXYb3ixf0VG","gQs6-DMDRvM","2020-08-24T11:59:02Z","1","2020-08-24T11:44:24Z"
"UExCY0FhNDQyTUxBcmZTMzVuZ2Z4d1FVWFliM2l4ZjBWRy41NkI0NEY2RDEwNTU3Q0M2","PLBcAa442MLArfS35ngfxwQUXYb3ixf0VG","t7m1iqs_b-U","2020-05-31T12:00:30Z","2","2020-06-03T13:31:23Z"
"UExCY0FhNDQyTUxBcmZTMzVuZ2Z4d1FVWFliM2l4ZjBWRy4yODlGNEE0NkRGMEEzMEQy","PLBcAa442MLArfS35ngfxwQUXYb3ixf0VG","ixkY-67p5ss","2020-06-05T12:00:30Z","3","2020-06-05T12:03:10Z"
"UExCY0FhNDQyTUxBcGVDRnlzMW9DVEdTY3BCRWxhVDllTC41NkI0NEY2RDEwNTU3Q0M2","PLBcAa442MLApeCFys1oCTGScpBElaT9eL","_wqc9n2cYYc","2018-07-27T17:01:33Z","0","2018-08-06T08:43:20Z"
"UExCY0FhNDQyTUxBcDJQZzVnMUtSdXRJTnBtSkYyd1hFQy41MjE1MkI0OTQ2QzJGNzNG","PLBcAa442MLAp2Pg5g1KRutINpmJF2wXEC","9QxtMGSswqA","2016-11-16T17:00:02Z","0","2018-08-01T08:17:29Z"
"UExCY0FhNDQyTUxBcDJQZzVnMUtSdXRJTnBtSkYyd1hFQy4wMTcyMDhGQUE4NTIzM0Y5","PLBcAa442MLAp2Pg5g1KRutINpmJF2wXEC","dPfgS5ZYVaI","2016-11-18T17:00:05Z","1","2018-08-01T08:17:29Z"
"UExCY0FhNDQyTUxBcDJQZzVnMUtSdXRJTnBtSkYyd1hFQy4yODlGNEE0NkRGMEEzMEQy","PLBcAa442MLAp2Pg5g1KRutINpmJF2wXEC","o2BrHeX8RAA","2016-11-20T17:00:05Z","2","2018-08-01T08:17:29Z"
"UExCY0FhNDQyTUxBcDJQZzVnMUtSdXRJTnBtSkYyd1hFQy41NkI0NEY2RDEwNTU3Q0M2","PLBcAa442MLAp2Pg5g1KRutINpmJF2wXEC","iS5-N8vGAbc","2016-11-22T17:00:04Z","3","2018-08-01T08:17:29Z"
"UExCY0FhNDQyTUxBcDJQZzVnMUtSdXRJTnBtSkYyd1hFQy4wOTA3OTZBNzVEMTUzOTMy","PLBcAa442MLAp2Pg5g1KRutINpmJF2wXEC","ayOD68Q4Wu4","2016-11-12T17:00:02Z","4","2018-08-01T08:17:29Z"
"UExCY0FhNDQyTUxBcDJQZzVnMUtSdXRJTnBtSkYyd1hFQy4xMkVGQjNCMUM1N0RFNEUx","PLBcAa442MLAp2Pg5g1KRutINpmJF2wXEC","dvdlcbstOEo","2015-12-29T02:08:04Z","5","2018-08-01T08:17:29Z"
"UExCY0FhNDQyTUxBckxPVllfTTRqX1JfTndBMkd2MjFScC5DQUNERDQ2NkIzRUQxNTY1","PLBcAa442MLArLOVY_M4j_R_NwA2Gv21Rp","mT4arhSPIDU","2019-01-02T13:00:10Z","0","2019-01-02T13:24:26Z"
"UExCY0FhNDQyTUxBckxPVllfTTRqX1JfTndBMkd2MjFScC41MzJCQjBCNDIyRkJDN0VD","PLBcAa442MLArLOVY_M4j_R_NwA2Gv21Rp","2Br2umHVlOo","2018-11-01T13:31:34Z","1","2018-11-01T13:31:36Z"
"UExCY0FhNDQyTUxBckxPVllfTTRqX1JfTndBMkd2MjFScC4xMkVGQjNCMUM1N0RFNEUx","PLBcAa442MLArLOVY_M4j_R_NwA2Gv21Rp","-vtBgNxMyZI","2018-07-04T17:00:16Z","2","2018-07-04T17:02:15Z"
"UExCY0FhNDQyTUxBckxPVllfTTRqX1JfTndBMkd2MjFScC4wMTcyMDhGQUE4NTIzM0Y5","PLBcAa442MLArLOVY_M4j_R_NwA2Gv21Rp","32sYGCOYJUM","2018-05-11T17:00:47Z","3","2018-05-11T17:01:29Z"
"UExCY0FhNDQyTUxBckxPVllfTTRqX1JfTndBMkd2MjFScC4wOTA3OTZBNzVEMTUzOTMy","PLBcAa442MLArLOVY_M4j_R_NwA2Gv21Rp","Zmt2lZfCoMs","2018-05-29T13:00:11Z","4","2018-05-29T13:00:12Z"
"UExCY0FhNDQyTUxBckxPVllfTTRqX1JfTndBMkd2MjFScC41MjE1MkI0OTQ2QzJGNzNG","PLBcAa442MLArLOVY_M4j_R_NwA2Gv21Rp","D053Fars1wU","2018-05-11T17:36:35Z","5","2018-05-11T17:39:46Z"
"UExCY0FhNDQyTUxBckxPVllfTTRqX1JfTndBMkd2MjFScC4yODlGNEE0NkRGMEEzMEQy","PLBcAa442MLArLOVY_M4j_R_NwA2Gv21Rp","H3h5BjUpUvo","2018-05-07T12:59:26Z","6","2018-05-07T12:59:35Z"
"UExCY0FhNDQyTUxBckxPVllfTTRqX1JfTndBMkd2MjFScC41NkI0NEY2RDEwNTU3Q0M2","PLBcAa442MLArLOVY_M4j_R_NwA2Gv21Rp","GVKfMB-lxxM","2018-05-02T12:59:33Z","7","2018-05-02T13:00:16Z"
"UExCY0FhNDQyTUxBb3hoSVdrV0F2bk5vNnlSdUdCM3VJdC4yODlGNEE0NkRGMEEzMEQy","PLBcAa442MLAoxhIWkWAvnNo6yRuGB3uIt","IH2RLeu-VpM","2017-09-28T12:53:23Z","0","2017-09-29T03:02:30Z"
"UExCY0FhNDQyTUxBb3hoSVdrV0F2bk5vNnlSdUdCM3VJdC4wMTcyMDhGQUE4NTIzM0Y5","PLBcAa442MLAoxhIWkWAvnNo6yRuGB3uIt","DB1n7sRxspU","2017-09-26T13:01:11Z","1","2017-09-29T03:02:30Z"
"UExCY0FhNDQyTUxBb3hoSVdrV0F2bk5vNnlSdUdCM3VJdC41MjE1MkI0OTQ2QzJGNzNG","PLBcAa442MLAoxhIWkWAvnNo6yRuGB3uIt","VCM1S3gQCP8","2017-09-24T12:01:18Z","2","2017-09-29T03:02:30Z"
"UExCY0FhNDQyTUxBckE1czZxV2liRzZUcEVvblZRcDExYi45NDk1REZENzhEMzU5MDQz","PLBcAa442MLArA5s6qWibG6TpEonVQp11b","HZaShvbm8Q0","2017-09-08T13:02:57Z","0","2017-09-08T13:08:21Z"
"UExCY0FhNDQyTUxBckE1czZxV2liRzZUcEVvblZRcDExYi5DQUNERDQ2NkIzRUQxNTY1","PLBcAa442MLArA5s6qWibG6TpEonVQp11b","pHgqg940Ht0","2016-12-31T12:41:53Z","1","2016-12-29T09:38:00Z"
"UExCY0FhNDQyTUxBckE1czZxV2liRzZUcEVvblZRcDExYi4yODlGNEE0NkRGMEEzMEQy","PLBcAa442MLArA5s6qWibG6TpEonVQp11b","DrY_K0mT-As","2016-12-16T17:00:25Z","2","2016-12-29T09:36:22Z"
"UExCY0FhNDQyTUxBckE1czZxV2liRzZUcEVvblZRcDExYi41NkI0NEY2RDEwNTU3Q0M2","PLBcAa442MLArA5s6qWibG6TpEonVQp11b","qGRU3sRbaYw","2016-08-02T17:10:53Z","3","2016-12-29T09:36:13Z"
"UExCY0FhNDQyTUxBckE1czZxV2liRzZUcEVvblZRcDExYi41MzJCQjBCNDIyRkJDN0VD","PLBcAa442MLArA5s6qWibG6TpEonVQp11b","LCyo565N_5w","2015-12-02T11:55:21Z","4","2016-12-29T09:37:38Z"
"UExCY0FhNDQyTUxBckE1czZxV2liRzZUcEVvblZRcDExYi4wMTcyMDhGQUE4NTIzM0Y5","PLBcAa442MLArA5s6qWibG6TpEonVQp11b","30KI5SuECuc","2015-08-21T16:56:54Z","5","2016-12-29T09:37:13Z"
"UExCY0FhNDQyTUxBckE1czZxV2liRzZUcEVvblZRcDExYi41MjE1MkI0OTQ2QzJGNzNG","PLBcAa442MLArA5s6qWibG6TpEonVQp11b","wDGvlQRoIas","2015-06-16T07:54:13Z","6","2016-12-29T09:37:13Z"
"UExCY0FhNDQyTUxBckE1czZxV2liRzZUcEVvblZRcDExYi4wOTA3OTZBNzVEMTUzOTMy","PLBcAa442MLArA5s6qWibG6TpEonVQp11b","D4QSFfLIFo4","2015-04-25T16:38:03Z","7","2016-12-29T09:37:13Z"
"UExCY0FhNDQyTUxBckE1czZxV2liRzZUcEVvblZRcDExYi4xMkVGQjNCMUM1N0RFNEUx","PLBcAa442MLArA5s6qWibG6TpEonVQp11b","-MP8mIUwx_A","2015-04-23T16:19:50Z","8","2016-12-29T09:37:13Z"
"UExCY0FhNDQyTUxBcTMycHdvWGNJcEJ3YnpsWG5lZTdRSi4yODlGNEE0NkRGMEEzMEQy","PLBcAa442MLAq32pwoXcIpBwbzlXnee7QJ","HZaShvbm8Q0","2017-09-08T13:02:57Z","0","2017-09-08T13:08:35Z"
"UExCY0FhNDQyTUxBcTMycHdvWGNJcEJ3YnpsWG5lZTdRSi41NkI0NEY2RDEwNTU3Q0M2","PLBcAa442MLAq32pwoXcIpBwbzlXnee7QJ","DrY_K0mT-As","2016-12-16T17:00:25Z","1","2016-12-16T17:00:26Z"
"UExCY0FhNDQyTUxBcTMycHdvWGNJcEJ3YnpsWG5lZTdRSi4wMTcyMDhGQUE4NTIzM0Y5","PLBcAa442MLAq32pwoXcIpBwbzlXnee7QJ","Llw9Q6akRo4","2016-12-31T17:00:01Z","2","2017-09-08T13:10:44Z"
"UExCY0FhNDQyTUxBcTMycHdvWGNJcEJ3YnpsWG5lZTdRSi41MjE1MkI0OTQ2QzJGNzNG","PLBcAa442MLAq32pwoXcIpBwbzlXnee7QJ","c7AceFuXuqc","2017-01-07T17:00:04Z","3","2017-09-08T13:10:53Z"
"UExCY0FhNDQyTUxBcTMycHdvWGNJcEJ3YnpsWG5lZTdRSi4wOTA3OTZBNzVEMTUzOTMy","PLBcAa442MLAq32pwoXcIpBwbzlXnee7QJ","pHgqg940Ht0","2016-12-31T12:41:53Z","4","2017-09-08T13:11:15Z"
"UExCY0FhNDQyTUxBbzl1aE1SUGF6clNYbEROZTJfbWNPMy41OURENDc2NEM1MDI5Mjky","PLBcAa442MLAo9uhMRPazrSXlDNe2_mcO3","ivF9YQ4f4DA","2019-07-12T13:00:08Z","0","2019-07-12T11:30:09Z"
"UExCY0FhNDQyTUxBbzl1aE1SUGF6clNYbEROZTJfbWNPMy4zMUEyMkQwOTk0NTg4MDgw","PLBcAa442MLAo9uhMRPazrSXlDNe2_mcO3","knW7-x7Y7RE","2019-07-01T12:58:19Z","1","2019-06-27T13:43:40Z"
"UExCY0FhNDQyTUxBbzl1aE1SUGF6clNYbEROZTJfbWNPMy42QzdBMzlBQzQzRjQ0QkQy","PLBcAa442MLAo9uhMRPazrSXlDNe2_mcO3","FelqPwCpHSc","","2","2019-06-28T12:59:21Z"
"UExCY0FhNDQyTUxBbzl1aE1SUGF6clNYbEROZTJfbWNPMy4wNEU1MTI4NkZEMzVBN0JF","PLBcAa442MLAo9uhMRPazrSXlDNe2_mcO3","Z2DvdjaEQtE","2019-06-17T13:01:27Z","3","2019-06-17T13:03:41Z"
"UExCY0FhNDQyTUxBbzl1aE1SUGF6clNYbEROZTJfbWNPMy5CQkEwRDA0MDkwNUM2MDY1","PLBcAa442MLAo9uhMRPazrSXlDNe2_mcO3","BktyvTW2BJY","2019-05-31T12:58:15Z","4","2019-05-31T09:00:33Z"
"UExCY0FhNDQyTUxBbzl1aE1SUGF6clNYbEROZTJfbWNPMy5GNjAwN0Y0QTFGOTVDMEMy","PLBcAa442MLAo9uhMRPazrSXlDNe2_mcO3","5ibV0xm9kiY","2019-05-18T12:57:42Z","5","2019-05-29T04:57:01Z"
"UExCY0FhNDQyTUxBbzl1aE1SUGF6clNYbEROZTJfbWNPMy43NERCMDIzQzFBMERCMEE3","PLBcAa442MLAo9uhMRPazrSXlDNe2_mcO3","ErhGuwNgrmw","2019-04-04T16:57:45Z","6","2019-04-05T08:28:04Z"
"UExCY0FhNDQyTUxBbzl1aE1SUGF6clNYbEROZTJfbWNPMy41NTZEOThBNThFOUVGQkVB","PLBcAa442MLAo9uhMRPazrSXlDNe2_mcO3","32sYGCOYJUM","2018-05-11T17:00:47Z","7","2018-05-21T07:51:55Z"
"UExCY0FhNDQyTUxBbzl1aE1SUGF6clNYbEROZTJfbWNPMy42Qzk5MkEzQjVFQjYwRDA4","PLBcAa442MLAo9uhMRPazrSXlDNe2_mcO3","HZaShvbm8Q0","2017-09-08T13:02:57Z","8","2017-09-08T13:09:01Z"
"UExCY0FhNDQyTUxBbzl1aE1SUGF6clNYbEROZTJfbWNPMy4xMzgwMzBERjQ4NjEzNUE5","PLBcAa442MLAo9uhMRPazrSXlDNe2_mcO3","FN7ALfpGxiI","2017-02-13T17:00:02Z","9","2017-02-13T17:17:27Z"
"UExCY0FhNDQyTUxBbzl1aE1SUGF6clNYbEROZTJfbWNPMy5ENjI1QUI0MDI5NEQzODFE","PLBcAa442MLAo9uhMRPazrSXlDNe2_mcO3","GhPS0eBqQCk","2017-01-04T06:40:19Z","10","2017-01-04T07:37:13Z"
"UExCY0FhNDQyTUxBbzl1aE1SUGF6clNYbEROZTJfbWNPMy4yQUJFNUVCMzVDNjcxRTlF","PLBcAa442MLAo9uhMRPazrSXlDNe2_mcO3","Llw9Q6akRo4","2016-12-31T17:00:01Z","11","2016-12-31T17:02:41Z"
"UExCY0FhNDQyTUxBbzl1aE1SUGF6clNYbEROZTJfbWNPMy41RTNBREYwMkI5QzU3RkY2","PLBcAa442MLAo9uhMRPazrSXlDNe2_mcO3","pHgqg940Ht0","2016-12-31T12:41:53Z","12","2016-12-31T17:11:37Z"
"UExCY0FhNDQyTUxBbzl1aE1SUGF6clNYbEROZTJfbWNPMy41NkI0NEY2RDEwNTU3Q0M2","PLBcAa442MLAo9uhMRPazrSXlDNe2_mcO3","qGRU3sRbaYw","2016-08-02T17:10:53Z","13","2016-12-12T08:48:07Z"
"UExCY0FhNDQyTUxBbzl1aE1SUGF6clNYbEROZTJfbWNPMy4yODlGNEE0NkRGMEEzMEQy","PLBcAa442MLAo9uhMRPazrSXlDNe2_mcO3","GBBY670QY0o","2016-08-02T14:05:18Z","14","2016-12-12T08:48:07Z"
"UExCY0FhNDQyTUxBbzl1aE1SUGF6clNYbEROZTJfbWNPMy41MjE1MkI0OTQ2QzJGNzNG","PLBcAa442MLAo9uhMRPazrSXlDNe2_mcO3","5Jm9g0YdGDU","2016-07-25T07:11:59Z","15","2016-12-12T08:48:07Z"
"UExCY0FhNDQyTUxBbzl1aE1SUGF6clNYbEROZTJfbWNPMy4wOTA3OTZBNzVEMTUzOTMy","PLBcAa442MLAo9uhMRPazrSXlDNe2_mcO3","488ceQWoGGw","2016-07-25T07:11:59Z","16","2016-12-12T08:48:07Z"
"UExCY0FhNDQyTUxBbzl1aE1SUGF6clNYbEROZTJfbWNPMy5DQUNERDQ2NkIzRUQxNTY1","PLBcAa442MLAo9uhMRPazrSXlDNe2_mcO3","Iigcc1sQNSk","2016-02-23T03:44:21Z","17","2016-12-12T08:48:07Z"
"UExCY0FhNDQyTUxBbzl1aE1SUGF6clNYbEROZTJfbWNPMy45NDk1REZENzhEMzU5MDQz","PLBcAa442MLAo9uhMRPazrSXlDNe2_mcO3","keU1tFStlwk","2016-02-22T03:06:48Z","18","2016-12-12T08:48:07Z"
"UExCY0FhNDQyTUxBbzl1aE1SUGF6clNYbEROZTJfbWNPMy5GNjNDRDREMDQxOThCMDQ2","PLBcAa442MLAo9uhMRPazrSXlDNe2_mcO3","aV6kj3Gc8lQ","2016-02-22T03:06:43Z","19","2016-12-12T08:48:07Z"
"UExCY0FhNDQyTUxBbzl1aE1SUGF6clNYbEROZTJfbWNPMy4zMDg5MkQ5MEVDMEM1NTg2","PLBcAa442MLAo9uhMRPazrSXlDNe2_mcO3","2wH3--zO-L8","2016-02-02T03:43:35Z","20","2016-12-12T08:48:07Z"
"UExCY0FhNDQyTUxBbzl1aE1SUGF6clNYbEROZTJfbWNPMy5EMEEwRUY5M0RDRTU3NDJC","PLBcAa442MLAo9uhMRPazrSXlDNe2_mcO3","_UpuOR7Lw54","2016-02-02T03:43:28Z","21","2016-12-12T08:48:07Z"
"UExCY0FhNDQyTUxBbzl1aE1SUGF6clNYbEROZTJfbWNPMy45ODRDNTg0QjA4NkFBNkQy","PLBcAa442MLAo9uhMRPazrSXlDNe2_mcO3","ARXu55-KJLo","2016-02-02T03:43:24Z","22","2016-12-12T08:48:07Z"
"UExCY0FhNDQyTUxBbzl1aE1SUGF6clNYbEROZTJfbWNPMy41Mzk2QTAxMTkzNDk4MDhF","PLBcAa442MLAo9uhMRPazrSXlDNe2_mcO3","Thf6-faRGI4","2016-01-23T07:39:24Z","23","2016-12-12T08:48:07Z"
"UExCY0FhNDQyTUxBbzl1aE1SUGF6clNYbEROZTJfbWNPMy41QTY1Q0UxMTVCODczNThE","PLBcAa442MLAo9uhMRPazrSXlDNe2_mcO3","KY4uVGK7YOA","2016-01-07T15:02:28Z","24","2016-12-12T08:48:07Z"
"UExCY0FhNDQyTUxBbzl1aE1SUGF6clNYbEROZTJfbWNPMy44Mjc5REFBRUE2MTdFRDU0","PLBcAa442MLAo9uhMRPazrSXlDNe2_mcO3","vnXvYy_GIGI","2015-12-16T03:05:59Z","25","2016-12-12T08:48:07Z"
"UExCY0FhNDQyTUxBbzl1aE1SUGF6clNYbEROZTJfbWNPMy43NDhFRTgwOTRERTU4Rjg3","PLBcAa442MLAo9uhMRPazrSXlDNe2_mcO3","LCyo565N_5w","2015-12-02T11:55:21Z","26","2016-12-12T08:48:07Z"
"UExCY0FhNDQyTUxBbzl1aE1SUGF6clNYbEROZTJfbWNPMy42MTI4Njc2QjM1RjU1MjlG","PLBcAa442MLAo9uhMRPazrSXlDNe2_mcO3","30KI5SuECuc","2015-08-21T16:56:54Z","27","2016-12-12T08:48:07Z"
"UExCY0FhNDQyTUxBbzl1aE1SUGF6clNYbEROZTJfbWNPMy45RjNFMDhGQ0Q2RkFCQTc1","PLBcAa442MLAo9uhMRPazrSXlDNe2_mcO3","ADhjY8ZqFxw","2015-08-17T17:05:31Z","28","2016-12-12T08:48:07Z"
"UExCY0FhNDQyTUxBbzl1aE1SUGF6clNYbEROZTJfbWNPMy5BRjJDODk5REM0NjkzMUIy","PLBcAa442MLAo9uhMRPazrSXlDNe2_mcO3","9iTNUi0Siuc","2015-08-06T01:27:15Z","29","2016-12-12T08:48:07Z"
"UExCY0FhNDQyTUxBbzl1aE1SUGF6clNYbEROZTJfbWNPMy4xOTEzQzhBQzU3MDNDNjcz","PLBcAa442MLAo9uhMRPazrSXlDNe2_mcO3","wDGvlQRoIas","2015-06-16T07:54:13Z","30","2016-12-12T08:48:07Z"
"UExCY0FhNDQyTUxBbzl1aE1SUGF6clNYbEROZTJfbWNPMy5DRUQwODMxQzUyRTlGRkY3","PLBcAa442MLAo9uhMRPazrSXlDNe2_mcO3","PdbsnGuduvo","2015-01-30T11:15:17Z","31","2016-12-12T08:48:07Z"
"UExCY0FhNDQyTUxBcE1lX2gtOGNWLWxGblRLbXdFalRLOC41NkI0NEY2RDEwNTU3Q0M2","PLBcAa442MLApMe_h-8cV-lFnTKmwEjTK8","LCyo565N_5w","2015-12-02T11:55:21Z","0","2016-08-30T07:17:13Z"
"UExCY0FhNDQyTUxBcE1lX2gtOGNWLWxGblRLbXdFalRLOC4yODlGNEE0NkRGMEEzMEQy","PLBcAa442MLApMe_h-8cV-lFnTKmwEjTK8","KY4uVGK7YOA","2016-01-07T15:02:28Z","1","2016-08-30T07:17:24Z"
"UExCY0FhNDQyTUxBcE1lX2gtOGNWLWxGblRLbXdFalRLOC4wMTcyMDhGQUE4NTIzM0Y5","PLBcAa442MLApMe_h-8cV-lFnTKmwEjTK8","aV6kj3Gc8lQ","2016-02-22T03:06:43Z","2","2016-08-30T07:17:33Z"
"UExCY0FhNDQyTUxBcE1lX2gtOGNWLWxGblRLbXdFalRLOC41MjE1MkI0OTQ2QzJGNzNG","PLBcAa442MLApMe_h-8cV-lFnTKmwEjTK8","_UpuOR7Lw54","2016-02-02T03:43:28Z","3","2016-08-30T07:17:41Z"
"UExCY0FhNDQyTUxBcE1lX2gtOGNWLWxGblRLbXdFalRLOC4wOTA3OTZBNzVEMTUzOTMy","PLBcAa442MLApMe_h-8cV-lFnTKmwEjTK8","ccPs9HIFNnY","2015-11-19T10:54:43Z","4","2016-08-30T07:17:48Z"
"UExCY0FhNDQyTUxBcFpFTVdaWEZMWDIyU1Q1LUZwc2ZvaS4wMTcyMDhGQUE4NTIzM0Y5","PLBcAa442MLApZEMWZXFLX22ST5-Fpsfoi","qGRU3sRbaYw","2016-08-02T17:10:53Z","0","2016-08-02T17:03:22Z"
"UExCY0FhNDQyTUxBcFpFTVdaWEZMWDIyU1Q1LUZwc2ZvaS41NkI0NEY2RDEwNTU3Q0M2","PLBcAa442MLApZEMWZXFLX22ST5-Fpsfoi","gMDowtmgOyo","2016-07-26T07:58:09Z","1","2016-07-26T11:05:21Z"
"UExCY0FhNDQyTUxBcFpFTVdaWEZMWDIyU1Q1LUZwc2ZvaS4yODlGNEE0NkRGMEEzMEQy","PLBcAa442MLApZEMWZXFLX22ST5-Fpsfoi","GBBY670QY0o","2016-08-02T14:05:18Z","2","2016-07-31T13:35:35Z"
"UExCY0FhNDQyTUxBb2Z1eHRodnM5Zm1tZkNQVVV5NURhbC41NkI0NEY2RDEwNTU3Q0M2","PLBcAa442MLAofuxthvs9fmmfCPUUy5Dal","M6M_AWcAFEw","2016-01-07T15:00:03Z","0","2016-02-01T07:39:44Z"
"UExCY0FhNDQyTUxBb2Z1eHRodnM5Zm1tZkNQVVV5NURhbC4yODlGNEE0NkRGMEEzMEQy","PLBcAa442MLAofuxthvs9fmmfCPUUy5Dal","akRQKAo_4WI","2016-01-05T17:28:06Z","1","2016-02-01T07:40:00Z"
"UExCY0FhNDQyTUxBb2Z1eHRodnM5Zm1tZkNQVVV5NURhbC4wMTcyMDhGQUE4NTIzM0Y5","PLBcAa442MLAofuxthvs9fmmfCPUUy5Dal","hWDJNr_IUbQ","2016-01-05T17:27:56Z","2","2016-02-01T07:40:13Z"
"UExCY0FhNDQyTUxBb2Z1eHRodnM5Zm1tZkNQVVV5NURhbC41MjE1MkI0OTQ2QzJGNzNG","PLBcAa442MLAofuxthvs9fmmfCPUUy5Dal","EiBhcSqkz8g","2016-01-03T14:48:49Z","3","2016-02-01T07:41:13Z"
"UExCY0FhNDQyTUxBb1VYQjNYUVpKd2J3Z2ZRTXVGNHNYSi41NkI0NEY2RDEwNTU3Q0M2","PLBcAa442MLAoUXB3XQZJwbwgfQMuF4sXJ","KY4uVGK7YOA","2016-01-07T15:02:28Z","0","2016-02-01T07:38:03Z"
"UExCY0FhNDQyTUxBb1VYQjNYUVpKd2J3Z2ZRTXVGNHNYSi4yODlGNEE0NkRGMEEzMEQy","PLBcAa442MLAoUXB3XQZJwbwgfQMuF4sXJ","QTr6AyYNYN4","2016-01-07T15:01:40Z","1","2016-02-01T07:38:48Z"
"UExCY0FhNDQyTUxBb1VYQjNYUVpKd2J3Z2ZRTXVGNHNYSi4wMTcyMDhGQUE4NTIzM0Y5","PLBcAa442MLAoUXB3XQZJwbwgfQMuF4sXJ","_UpuOR7Lw54","2016-02-02T03:43:28Z","2","2016-02-02T03:43:11Z"
"UExCY0FhNDQyTUxBb1VYQjNYUVpKd2J3Z2ZRTXVGNHNYSi41MjE1MkI0OTQ2QzJGNzNG","PLBcAa442MLAoUXB3XQZJwbwgfQMuF4sXJ","ARXu55-KJLo","2016-02-02T03:43:24Z","3","2016-02-02T03:43:25Z"
"UExCY0FhNDQyTUxBb1VYQjNYUVpKd2J3Z2ZRTXVGNHNYSi4wOTA3OTZBNzVEMTUzOTMy","PLBcAa442MLAoUXB3XQZJwbwgfQMuF4sXJ","2wH3--zO-L8","2016-02-02T03:43:35Z","4","2016-02-02T03:43:36Z"
"UExCY0FhNDQyTUxBb1VYQjNYUVpKd2J3Z2ZRTXVGNHNYSi4xMkVGQjNCMUM1N0RFNEUx","PLBcAa442MLAoUXB3XQZJwbwgfQMuF4sXJ","aV6kj3Gc8lQ","2016-02-22T03:06:43Z","5","2016-02-20T07:41:42Z"
"UExCY0FhNDQyTUxBb1VYQjNYUVpKd2J3Z2ZRTXVGNHNYSi41MzJCQjBCNDIyRkJDN0VD","PLBcAa442MLAoUXB3XQZJwbwgfQMuF4sXJ","keU1tFStlwk","2016-02-22T03:06:48Z","6","2016-02-20T07:42:33Z"
"UExCY0FhNDQyTUxBb1VYQjNYUVpKd2J3Z2ZRTXVGNHNYSi5DQUNERDQ2NkIzRUQxNTY1","PLBcAa442MLAoUXB3XQZJwbwgfQMuF4sXJ","Iigcc1sQNSk","2016-02-23T03:44:21Z","7","2016-02-23T03:44:22Z"
"UExCY0FhNDQyTUxBb3VGaTB5a2dIa1M5dGg4RU9RVjR4by4yODlGNEE0NkRGMEEzMEQy","PLBcAa442MLAouFi0ykgHkS9th8EOQV4xo","Thf6-faRGI4","2016-01-23T07:39:24Z","0","2016-01-24T15:37:43Z"
"UExCY0FhNDQyTUxBb3VGaTB5a2dIa1M5dGg4RU9RVjR4by41NkI0NEY2RDEwNTU3Q0M2","PLBcAa442MLAouFi0ykgHkS9th8EOQV4xo","U8-1Xr3hE1s","2016-01-16T17:00:50Z","1","2016-01-24T15:37:36Z"
"UExCY0FhNDQyTUxBb2lycWlCSTZFZms3ODVtbEtEZnU5ZC41MjE1MkI0OTQ2QzJGNzNG","PLBcAa442MLAoirqiBI6Efk785mlKDfu9d","30KI5SuECuc","2015-08-21T16:56:54Z","0","2015-08-21T10:04:48Z"
"UExCY0FhNDQyTUxBb2lycWlCSTZFZms3ODVtbEtEZnU5ZC41NkI0NEY2RDEwNTU3Q0M2","PLBcAa442MLAoirqiBI6Efk785mlKDfu9d","9iTNUi0Siuc","2015-08-06T01:27:15Z","1","2015-08-04T09:18:51Z"
"UExCY0FhNDQyTUxBb2lycWlCSTZFZms3ODVtbEtEZnU5ZC4yODlGNEE0NkRGMEEzMEQy","PLBcAa442MLAoirqiBI6Efk785mlKDfu9d","mppQiKyuUEE","2015-08-06T13:32:21Z","2","2015-08-18T01:58:56Z"
"UExCY0FhNDQyTUxBb2lycWlCSTZFZms3ODVtbEtEZnU5ZC4wMTcyMDhGQUE4NTIzM0Y5","PLBcAa442MLAoirqiBI6Efk785mlKDfu9d","ADhjY8ZqFxw","2015-08-17T17:05:31Z","3","2015-08-18T01:58:56Z"
"UExCY0FhNDQyTUxBb2lycWlCSTZFZms3ODVtbEtEZnU5ZC4wOTA3OTZBNzVEMTUzOTMy","PLBcAa442MLAoirqiBI6Efk785mlKDfu9d","vnXvYy_GIGI","2015-12-16T03:05:59Z","4","2015-12-17T08:49:00Z"
"UExCY0FhNDQyTUxBb2lycWlCSTZFZms3ODVtbEtEZnU5ZC4xMkVGQjNCMUM1N0RFNEUx","PLBcAa442MLAoirqiBI6Efk785mlKDfu9d","Thf6-faRGI4","2016-01-23T07:39:24Z","5","2016-01-24T15:42:28Z"
"UExCY0FhNDQyTUxBcWx2QnJzc1lUR1NZd0xBQ3dvR2ZTbC5EQUE1NTFDRjcwMDg0NEMz","PLBcAa442MLAqlvBrssYTGSYwLACwoGfSl","dSD3pY1gJvA","2024-08-11T13:11:00Z","0","2024-08-19T08:26:32Z"
"UExCY0FhNDQyTUxBcWx2QnJzc1lUR1NZd0xBQ3dvR2ZTbC41Mzk2QTAxMTkzNDk4MDhF","PLBcAa442MLAqlvBrssYTGSYwLACwoGfSl","Kg4gHAmLDIQ","2024-01-18T13:00:14Z","1","2024-08-19T08:25:46Z"
"UExCY0FhNDQyTUxBcWx2QnJzc1lUR1NZd0xBQ3dvR2ZTbC4zMDg5MkQ5MEVDMEM1NTg2","PLBcAa442MLAqlvBrssYTGSYwLACwoGfSl","Hwqp66yZrlI","2023-03-03T13:00:20Z","2","2023-03-06T11:08:58Z"
"UExCY0FhNDQyTUxBcWx2QnJzc1lUR1NZd0xBQ3dvR2ZTbC45ODRDNTg0QjA4NkFBNkQy","PLBcAa442MLAqlvBrssYTGSYwLACwoGfSl","Xc7LEKCoTks","2021-01-19T13:00:10Z","3","2021-01-19T12:17:48Z"
"UExCY0FhNDQyTUxBcWx2QnJzc1lUR1NZd0xBQ3dvR2ZTbC5EMEEwRUY5M0RDRTU3NDJC","PLBcAa442MLAqlvBrssYTGSYwLACwoGfSl","VPU4EoN6gmE","2020-08-08T13:08:03Z","4","2020-08-08T13:05:06Z"
"UExCY0FhNDQyTUxBcWx2QnJzc1lUR1NZd0xBQ3dvR2ZTbC40NzZCMERDMjVEN0RFRThB","PLBcAa442MLAqlvBrssYTGSYwLACwoGfSl","e7XE4ks6e3I","2016-01-03T14:47:06Z","5","2019-06-04T07:12:51Z"
"UExCY0FhNDQyTUxBcWx2QnJzc1lUR1NZd0xBQ3dvR2ZTbC5GNjNDRDREMDQxOThCMDQ2","PLBcAa442MLAqlvBrssYTGSYwLACwoGfSl","5ibV0xm9kiY","2019-05-18T12:57:42Z","6","2019-05-29T05:03:45Z"
"UExCY0FhNDQyTUxBcWx2QnJzc1lUR1NZd0xBQ3dvR2ZTbC45NDk1REZENzhEMzU5MDQz","PLBcAa442MLAqlvBrssYTGSYwLACwoGfSl","_wqc9n2cYYc","2018-07-27T17:01:33Z","7","2019-05-29T05:03:45Z"
"UExCY0FhNDQyTUxBcWx2QnJzc1lUR1NZd0xBQ3dvR2ZTbC5DQUNERDQ2NkIzRUQxNTY1","PLBcAa442MLAqlvBrssYTGSYwLACwoGfSl","AUZ3AQD19Q8","","8","2017-02-25T11:58:18Z"
"UExCY0FhNDQyTUxBcWx2QnJzc1lUR1NZd0xBQ3dvR2ZTbC41MzJCQjBCNDIyRkJDN0VD","PLBcAa442MLAqlvBrssYTGSYwLACwoGfSl","Thf6-faRGI4","2016-01-23T07:39:24Z","9","2016-01-24T15:40:15Z"
"UExCY0FhNDQyTUxBcWx2QnJzc1lUR1NZd0xBQ3dvR2ZTbC4xMkVGQjNCMUM1N0RFNEUx","PLBcAa442MLAqlvBrssYTGSYwLACwoGfSl","ysI0BK9Zpfs","2015-11-02T11:21:20Z","10","2015-11-04T04:30:40Z"
"UExCY0FhNDQyTUxBcWx2QnJzc1lUR1NZd0xBQ3dvR2ZTbC4wOTA3OTZBNzVEMTUzOTMy","PLBcAa442MLAqlvBrssYTGSYwLACwoGfSl","jx0EbGgXCy8","","11","2015-10-28T05:54:46Z"
"UExCY0FhNDQyTUxBcWx2QnJzc1lUR1NZd0xBQ3dvR2ZTbC41MjE1MkI0OTQ2QzJGNzNG","PLBcAa442MLAqlvBrssYTGSYwLACwoGfSl","pqxQKjbSUCs","2015-08-21T11:31:45Z","12","2015-08-21T11:26:51Z"
"UExCY0FhNDQyTUxBcWx2QnJzc1lUR1NZd0xBQ3dvR2ZTbC4wMTcyMDhGQUE4NTIzM0Y5","PLBcAa442MLAqlvBrssYTGSYwLACwoGfSl","SXHONMSHNnk","","13","2015-07-22T07:57:09Z"
"UExCY0FhNDQyTUxBcWx2QnJzc1lUR1NZd0xBQ3dvR2ZTbC4yODlGNEE0NkRGMEEzMEQy","PLBcAa442MLAqlvBrssYTGSYwLACwoGfSl","2jeqQ6Py-o8","2015-06-18T04:15:14Z","14","2015-07-22T07:56:37Z"
"UExCY0FhNDQyTUxBcWx2QnJzc1lUR1NZd0xBQ3dvR2ZTbC41NkI0NEY2RDEwNTU3Q0M2","PLBcAa442MLAqlvBrssYTGSYwLACwoGfSl","jCMiiwunlyw","2015-06-19T15:05:42Z","15","2015-07-13T03:49:37Z"
"UExCY0FhNDQyTUxBcWh6d18tWFZjSEs1dG02Y0JEaV9vcS41NkI0NEY2RDEwNTU3Q0M2","PLBcAa442MLAqhzw_-XVcHK5tm6cBDi_oq","19JlMe6Pb94","2015-05-21T02:31:33Z","0","2015-05-21T02:32:03Z"
"UExCY0FhNDQyTUxBcWh6d18tWFZjSEs1dG02Y0JEaV9vcS4yODlGNEE0NkRGMEEzMEQy","PLBcAa442MLAqhzw_-XVcHK5tm6cBDi_oq","SXh-gMdplqc","2015-05-29T08:38:00Z","1","2015-05-29T09:11:14Z"
"UExCY0FhNDQyTUxBcWh6d18tWFZjSEs1dG02Y0JEaV9vcS4wMTcyMDhGQUE4NTIzM0Y5","PLBcAa442MLAqhzw_-XVcHK5tm6cBDi_oq","JY3F5BZSMvc","2015-06-03T07:56:47Z","2","2015-06-03T08:37:59Z"
"UExCY0FhNDQyTUxBcWh6d18tWFZjSEs1dG02Y0JEaV9vcS41MjE1MkI0OTQ2QzJGNzNG","PLBcAa442MLAqhzw_-XVcHK5tm6cBDi_oq","Thf6-faRGI4","2016-01-23T07:39:24Z","3","2016-01-24T15:42:14Z"
"UExCY0FhNDQyTUxBcURINGtUUHVNZDFEWXotcmFOWVBYUS41NkI0NEY2RDEwNTU3Q0M2","PLBcAa442MLAqDH4kTPuMd1DYz-raNYPXQ","-MP8mIUwx_A","2015-04-23T16:19:50Z","0","2015-04-23T15:11:47Z"
"UExCY0FhNDQyTUxBcURINGtUUHVNZDFEWXotcmFOWVBYUS4wMTcyMDhGQUE4NTIzM0Y5","PLBcAa442MLAqDH4kTPuMd1DYz-raNYPXQ","D4QSFfLIFo4","2015-04-25T16:38:03Z","1","2015-04-25T11:44:49Z"
"UExCY0FhNDQyTUxBcURINGtUUHVNZDFEWXotcmFOWVBYUS41MjE1MkI0OTQ2QzJGNzNG","PLBcAa442MLAqDH4kTPuMd1DYz-raNYPXQ","Thf6-faRGI4","2016-01-23T07:39:24Z","2","2016-01-24T15:42:43Z"
"UExCY0FhNDQyTUxBb013eFZqVVlCOGw3TUQzeUZXSzRXWi4yMDhBMkNBNjRDMjQxQTg1","PLBcAa442MLAoMwxVjUYB8l7MD3yFWK4WZ","6t-MjBazs3o","2020-07-05T13:00:12Z","0","2024-01-18T10:25:06Z"
"UExCY0FhNDQyTUxBb013eFZqVVlCOGw3TUQzeUZXSzRXWi5ENDU4Q0M4RDExNzM1Mjcy","PLBcAa442MLAoMwxVjUYB8l7MD3yFWK4WZ","FN7ALfpGxiI","2017-02-13T17:00:02Z","1","2019-05-03T03:32:39Z"
"UExCY0FhNDQyTUxBb013eFZqVVlCOGw3TUQzeUZXSzRXWi45ODRDNTg0QjA4NkFBNkQy","PLBcAa442MLAoMwxVjUYB8l7MD3yFWK4WZ","Llw9Q6akRo4","2016-12-31T17:00:01Z","2","2018-01-27T04:14:36Z"
"UExCY0FhNDQyTUxBb013eFZqVVlCOGw3TUQzeUZXSzRXWi45RTgxNDRBMzUwRjQ0MDhC","PLBcAa442MLAoMwxVjUYB8l7MD3yFWK4WZ","ErhGuwNgrmw","2019-04-04T16:57:45Z","3","2019-04-07T03:57:58Z"
"UExCY0FhNDQyTUxBb013eFZqVVlCOGw3TUQzeUZXSzRXWi41QTY1Q0UxMTVCODczNThE","PLBcAa442MLAoMwxVjUYB8l7MD3yFWK4WZ","-vtBgNxMyZI","2018-07-04T17:00:16Z","4","2018-07-04T17:32:07Z"
"UExCY0FhNDQyTUxBb013eFZqVVlCOGw3TUQzeUZXSzRXWi5EQUE1NTFDRjcwMDg0NEMz","PLBcAa442MLAoMwxVjUYB8l7MD3yFWK4WZ","32sYGCOYJUM","2018-05-11T17:00:47Z","5","2018-05-11T17:01:57Z"
"UExCY0FhNDQyTUxBb013eFZqVVlCOGw3TUQzeUZXSzRXWi5EMEEwRUY5M0RDRTU3NDJC","PLBcAa442MLAoMwxVjUYB8l7MD3yFWK4WZ","HZaShvbm8Q0","2017-09-08T13:02:57Z","6","2017-09-08T13:15:33Z"
"UExCY0FhNDQyTUxBb013eFZqVVlCOGw3TUQzeUZXSzRXWi40NzZCMERDMjVEN0RFRThB","PLBcAa442MLAoMwxVjUYB8l7MD3yFWK4WZ","qGRU3sRbaYw","2016-08-02T17:10:53Z","7","2016-08-02T17:29:23Z"
"UExCY0FhNDQyTUxBb013eFZqVVlCOGw3TUQzeUZXSzRXWi5DQUNERDQ2NkIzRUQxNTY1","PLBcAa442MLAoMwxVjUYB8l7MD3yFWK4WZ","LCyo565N_5w","2015-12-02T11:55:21Z","8","2015-12-02T10:44:13Z"
